Data de envio,1. Nome completo do responsável pelo preenchimento,2. E-mail do responsável pelo preenchimento,3. Celular/WhatsApp com DDD,4. Cargo/função na entidade,5. CNPJ da Entidade - favor inserir no formato (00.000.000/0000-00),6. Data de Fundação da Entidade,7. Nome Completo da Entidade,8. Endereço da Entidade,9. Bairro,10. Cidade,11. Estado,12. Email Institucional,13. Nome Completo do Presidente,14. Marque os tipos de projetos que a sua Entidade já escreveu para pedir recursos,15. Marque os tipos de projetos que a sua Entidade já colocou em prática,16. Quantos colaboradores (contratados + voluntários) atuam na entidade atualmente?,17. Quantos beneficiários a sua entidade consegue atender?,"18. Descreva, com suas palavras, o que a entidade faz hoje","19. Sua entidade possui Site? Caso possua, insira o link","20. Sua entidade possui perfil no Instagram? Caso possua, insira o link","21. Sua entidade possui perfil no Facebook? Caso possua, insira o link","22. Sua entidade possui perfil em outra rede social? Caso possua, insira o link",27. Qual a receita bruta anual da entidade?,28. Sobre a infraestrutura administrativa (sede/escritório),29. Sobre a infraestrutura esportiva (local das atividades),23. A Associação tem computador/notebook com câmera e microfone para reuniões online?,24. A Entidade possui acesso à internet para as reuniões online?,25. Algum representante tem disponibilidade de 1h30 semanal para reunir com a equipe CASE?,26. O estatuto social inclui finalidade relacionada a práticas esportivas?,"Ao marcar Aceito, autorizo o uso dos meus dados conforme descrito acima."
2026-01-21T10:01:00.000Z,Responsável 1,resp1@email.com,+55 11 91000-0001,Presidente,52.601.815/0001-20,2010-01-15,Instituto Bola de Ouro,"Rua Exemplo, 10",Centro,São Paulo,SP,contato1@entidade.org,Presidente 1,Leis de Incentivo ao Esporte,Leis de Incentivo ao Esporte,6 a 8,60,A entidade promove atividades esportivas e sociais na comunidade.,,https://instagram.com/exemplo,,,De R$ 51 mil a R$ 150 mil,Utiliza espaço cedido por parceiros ou instituições,"Utiliza instalações públicas ou cedidas por parceiros (escolas, ginásios, etc.)",Sim,Sim,Sim,Sim,Checked
2026-01-22T10:02:00.000Z,Responsável 2,resp2@email.com,+55 11 92000-0002,Presidente,90.830.166/0001-28,2011-02-15,Associação Atleta do Amanhã,"Rua Exemplo, 20",Centro,Belo Horizonte,Minas Gerais,contato2@entidade.org,Presidente 2,Outra fonte de recurso,Outra fonte de recurso,3 a 5,70,A entidade promove atividades esportivas e sociais na comunidade.,,https://instagram.com/exemplo,,,De R$ 25 mil a R$ 50 mil,"Utiliza espaços públicos, sem estrutura fixa","Utiliza espaços abertos não estruturados (praças, praias, parques)",Sim,Sim,Sim,Sim,Checked
2026-01-23T10:03:00.000Z,Responsável 3,resp3@email.com,+55 11 93000-0003,Presidente,13.186.091/0001-43,2012-03-15,Projeto Primeiro Passe,"Rua Exemplo, 30",Centro,Rio de Janeiro,RJ,contato3@entidade.org,Presidente 3,Leis de Incentivo ao Esporte; Emenda Parlamentar,Leis de Incentivo ao Esporte,Mais de 12,80,A entidade promove atividades esportivas e sociais na comunidade.,,https://instagram.com/exemplo,,,Acima de R$ 500 mil,"Possui sede/escritório próprio, de uso exclusivo","Possui espaço esportivo próprio, de uso exclusivo",Sim,Sim,Sim,Sim,Checked
2026-01-24T10:04:00.000Z,Responsável 4,resp4@email.com,+55 11 94000-0004,Presidente,39.099.603/0001-28,2013-04-15,Movimento Quadra Livre,"Rua Exemplo, 40",Centro,Salvador,BA,contato4@entidade.org,Presidente 4,Nunca elaboramos projetos,Nunca executamos projetos,1 ou 2,90,A entidade promove atividades esportivas e sociais na comunidade.,,https://instagram.com/exemplo,,,Até R$ 25 mil,Não possui espaço fixo (atua de forma remota ou na casa dos diretores),Não possui local para as atividades,Sim,Sim,Sim,Sim,Checked
2026-01-25T10:05:00.000Z,Responsável 5,resp5@email.com,+55 11 95000-0005,Presidente,08.246.281/0001-79,2014-05-15,Esporte Raiz do Norte,"Rua Exemplo, 50",Centro,Belém,Pará,contato5@entidade.org,Presidente 5,Leis de Incentivo ao Esporte,Leis de Incentivo ao Esporte,6 a 8,100,A entidade promove atividades esportivas e sociais na comunidade.,,https://instagram.com/exemplo,,,De R$ 51 mil a R$ 150 mil,Utiliza espaço cedido por parceiros ou instituições,"Utiliza instalações públicas ou cedidas por parceiros (escolas, ginásios, etc.)",Sim,Sim,Sim,Sim,Checked
2026-01-26T10:06:00.000Z,Responsável 6,resp6@email.com,+55 11 96000-0006,Presidente,94.821.993/0001-06,2015-06-15,Grêmio Comunitário Gaúcho,"Rua Exemplo, 60",Centro,Porto Alegre,RS,contato6@entidade.org,Presidente 6,Leis de Incentivo ao Esporte; Emenda Parlamentar,Leis de Incentivo ao Esporte,Mais de 12,110,A entidade promove atividades esportivas e sociais na comunidade.,,https://instagram.com/exemplo,,,Acima de R$ 500 mil,"Possui sede/escritório próprio, de uso exclusivo","Possui espaço esportivo próprio, de uso exclusivo",Sim,Sim,Sim,Sim,Checked
2026-01-27T10:07:00.000Z,Responsável 7,resp7@email.com,+55 11 97000-0007,Presidente,51.819.093/0001-11,2016-07-15,Núcleo Sol Nascente,"Rua Exemplo, 70",Centro,Recife,PE,contato7@entidade.org,Presidente 7,Outra fonte de recurso,Outra fonte de recurso,3 a 5,120,A entidade promove atividades esportivas e sociais na comunidade.,,https://instagram.com/exemplo,,,De R$ 25 mil a R$ 50 mil,"Utiliza espaços públicos, sem estrutura fixa","Utiliza espaços abertos não estruturados (praças, praias, parques)",Sim,Sim,Sim,Sim,Checked
2026-01-28T10:08:00.000Z,Responsável 8,resp8@email.com,+55 11 98000-0008,Presidente,78.657.975/0001-84,2017-08-15,Coletivo Ponte Nova,"Rua Exemplo, 80",Centro,Brasília,Distrito Federal,contato8@entidade.org,Presidente 8,Leis de Incentivo ao Esporte,Leis de Incentivo ao Esporte,6 a 8,130,A entidade promove atividades esportivas e sociais na comunidade.,,https://instagram.com/exemplo,,,De R$ 51 mil a R$ 150 mil,Utiliza espaço cedido por parceiros ou instituições,"Utiliza instalações públicas ou cedidas por parceiros (escolas, ginásios, etc.)",Sim,Sim,Sim,Sim,Checked
2026-01-20T10:00:00.000Z,Responsável 9,resp9@email.com,+55 11 99000-0000,Presidente,52.601.815/0001-20,2013-05-10,Liga Futuro Craque,"Rua Exemplo, 90",Centro,Fortaleza,CE,contato9@entidade.org,Presidente 9,Outra fonte de recurso,Outra fonte de recurso,3 a 5,140,A entidade promove atividades esportivas e sociais na comunidade.,,https://instagram.com/exemplo,,,De R$ 25 mil a R$ 50 mil,"Utiliza espaços públicos, sem estrutura fixa","Utiliza espaços abertos não estruturados (praças, praias, parques)",Sim,Sim,Sim,Sim,Checked
2026-01-21T10:01:00.000Z,Responsável 10,resp10@email.com,+55 11 910000-0001,Presidente,43.231.948/0001-60,2016-09-01,Sociedade Peito de Aço,"Rua Exemplo, 100",Centro,Florianópolis,SC,contato10@entidade.org,Presidente 10,Leis de Incentivo ao Esporte,Leis de Incentivo ao Esporte,6 a 8,150,A entidade promove atividades esportivas e sociais na comunidade.,,https://instagram.com/exemplo,,,De R$ 51 mil a R$ 150 mil,Utiliza espaço cedido por parceiros ou instituições,"Utiliza instalações públicas ou cedidas por parceiros (escolas, ginásios, etc.)",Sim,Sim,Sim,Não,Checked
